Time,X,Y,Vx,Vy,Ax,Ay
0,1.15,-0.03,0,0,0,0
0.02,1.15,-0.03,0,0,0,0
0.04,1.15,-0.03,0,0,0,0
0.06,1.15,-0.03,0,0,0,0
0.08,1.15,-0.03,0,0,0,0
0.09999999,1.15,-0.03,0,0,0,0
0.12,1.15,-0.03,0,0,0,0
0.14,1.15,-0.03,0,0,0,0
0.16,1.15,-0.03,0,0,0,0
0.18,1.15,-0.03,0,0,0,0
0.2,1.15,-0.03,0,0,0,0
0.22,1.15,-0.03,0,0,0,0
0.24,1.15,-0.03,0,0,0,0
0.26,1.15,-0.03,0,0,0,0
0.28,1.15,-0.03,0,0,0,0
0.3,1.15,-0.03,0,0,0,0
0.32,1.15,-0.03,0,0,0,0
0.34,1.15,-0.03,0,0,0,0
0.36,1.15,-0.03,0,0,0,0
0.38,1.15,-0.03,0,0,0,0
0.4,1.15,-0.03,0,0,0,0
0.42,1.15,-0.03,0,0,0,0
0.44,1.15,-0.03,0,0,0,0
0.46,1.15,-0.03,0,0,0,0
0.48,1.15,-0.03,0,0,0,0
0.5,1.15,-0.03,0,0,0,0
0.52,1.15,-0.03,0,0,0,0
0.54,1.15,-0.03,0,0,0,0
0.56,1.15,-0.03,0,0,0,0
0.58,1.15,-0.03,0,0,0,0
0.6,1.15,-0.03,0,0,0,0
0.62,1.15,-0.03,0,0,0,0
0.64,1.15,-0.03,0,0,0,0
0.66,1.15,-0.03,0,0,0,0
0.68,1.15,-0.03,0,0,0,0
0.7,1.15,-0.03,0,0,0,0
0.72,1.15,-0.03,0,0,0,0
0.74,1.15,-0.03,0,0,0,0
0.76,1.15,-0.03,0,0,0,0
0.78,1.15,-0.03,0,0,0,0
0.8,1.15,-0.03,0,0,0,0
0.82,1.15,-0.03,3.887771,-0.9408693,194.3886,-47.04347
0.84,1.227755,-0.05274139,3.857876,-1.056784,-1.494753,-5.795741
0.86,1.304913,-0.07780107,3.982001,-0.379039,6.206226,33.88726
0.88,1.384553,-0.08930585,3.999472,-0.06498431,0.8735657,15.70273
0.9,1.464542,-0.09452953,3.999774,0.04253627,0.01510382,5.376029
0.92,1.544538,-0.09760281,3.991659,-0.2581875,-0.4057646,-15.03619
0.94,1.624371,-0.1066906,3.998482,-0.1102007,0.3411531,7.399341
0.96,1.704341,-0.1128186,3.999732,-0.04635746,0.06248951,3.192161
0.98,1.784335,-0.1176697,3.999876,-0.03155106,0.007200241,0.7403201
1,1.864333,-0.1222247,3.998022,-0.1257634,-0.09266138,-4.710617
1.02,1.944293,-0.128664,3.998868,-0.09514424,0.04229546,1.530958
1.04,2.024271,-0.1344909,3.999378,-0.0705178,0.02551079,1.231322
1.06,2.104258,-0.1398253,3.999627,-0.05464083,0.01240969,0.7938486
1.08,2.184251,-0.1448421,3.999758,-0.04397416,0.006580353,0.5333332
1.1,2.264246,-0.1496456,3.999844,-0.03532271,0.004291534,0.4325725
1.12,2.344243,-0.154276,3.999855,-0.03404757,0.0005602837,0.06375741
1.14,2.42424,-0.158881,3.999886,-0.03021459,0.001525879,0.1916489
1.16,2.504238,-0.1634093,3.999891,-0.02948126,0.0002741814,0.03666654
1.18,2.584235,-0.1679229,3.999833,0.0365824,-0.002920628,3.303183
1.2,2.664232,-0.1711152,3.996969,0.1556923,-0.1432061,5.955495
1.22,2.744171,-0.1719254,3.987912,0.3107399,-0.4528522,7.752379
1.24,2.82393,-0.1696346,3.954118,0.6041153,-1.689708,14.66877
1.26,2.903012,-0.1614763,3.929706,0.7466012,-1.220596,7.124296
1.28,2.981606,-0.1504683,3.902317,0.8785901,-1.369417,6.599444
1.3,3.059652,-0.1368205,3.886649,0.9454954,-0.7834196,3.345263
1.32,3.137385,-0.1218346,3.883419,0.9586769,-0.1615167,0.6590784
1.34,3.215054,-0.106585,3.888566,0.93758,0.2573609,-1.054847
1.36,3.292825,-0.09175742,3.898422,0.8957168,0.4927874,-2.093157
1.38,3.370794,-0.07776709,3.911425,0.8371127,0.6501555,-2.930209
1.4,3.449022,-0.06494883,3.921979,0.7861825,0.5277038,-2.546507
1.42,3.527462,-0.05314919,3.944881,0.6617463,1.145136,-6.22181
1.44,3.606359,-0.04383826,3.966562,0.5161267,1.084018,-7.280982
1.46,3.68569,-0.03743973,3.988168,0.3074344,1.080298,-10.43461
1.48,3.765454,-0.03521504,3.997839,0.1314464,0.4835844,-8.7994
1.5,3.845411,-0.03651011,3.999769,-0.04299962,0.09647608,-8.722302
1.52,3.925406,-0.0412941,3.998123,-0.1225356,-0.08231401,-3.976799
1.54,4.005368,-0.04766881,3.990106,-0.281167,-0.4008412,-7.931572
1.56,4.08517,-0.05721616,3.983535,-0.362557,-0.3285289,-4.069498
1.58,4.164841,-0.06839129,3.981411,-0.3851861,-0.1062274,-1.131457
1.6,4.244469,-0.08001901,3.976438,-0.4335221,-0.2486348,-2.416797
1.62,4.323998,-0.09261345,3.97126,-0.4786351,-0.2588868,-2.25565
1.64,4.403423,-0.1061102,3.969436,-0.4935321,-0.09119511,-0.7448509
1.66,4.482812,-0.1199048,3.970075,-0.4883714,0.03192425,0.258036
1.68,4.562213,-0.1335962,3.969643,-0.4918683,-0.0215888,-0.1748472
1.7,4.641606,-0.1473576,3.970669,-0.4835173,0.05128384,0.4175514
1.72,4.72102,-0.1609519,3.972825,-0.4654718,0.107789,0.9022743
1.74,4.800476,-0.1741854,3.976807,-0.4301237,0.1991153,1.767403
1.76,4.880012,-0.1867118,3.980659,-0.3928821,0.1925945,1.862082
1.78,4.959625,-0.1984935,3.982933,-0.3691153,0.1137137,1.188339
1.8,5.039284,-0.2097998,3.990207,-0.2797303,0.3636956,4.469252
1.82,5.119088,-0.2193184,3.992296,-0.248146,0.1044273,1.579215
1.84,5.198934,-0.2282053,3.996967,-0.1557349,0.2335787,4.620553
1.86,5.278873,-0.235244,3.999612,-0.05573544,0.1322269,4.999974
1.88,5.358865,-0.2402827,3.999817,-0.03826578,0.01026392,0.8734826
1.9,5.438861,-0.2449721,3.999999,-0.002584949,0.009119511,1.784042
1.92,5.518861,-0.2489478,3.999876,0.03158207,-0.006186962,1.708351
1.94,5.598859,-0.2522401,3.999733,0.04620615,-0.007128716,0.7312041
1.96,5.678854,-0.25524,3.999542,0.06050429,-0.009524822,0.7149069
1.98,5.758844,-0.2579539,3.999313,0.07415928,-0.01149178,0.6827496
2,5.83883,-0.2603947,3.999027,0.08822042,-0.01429319,0.7030573
2.02,5.918811,-0.2625543,3.998731,0.1007503,-0.01478195,0.6264951
2.04,5.998785,-0.2644633,3.99887,0.09506161,0.006961823,-0.284436
2.06,6.078763,-0.2664861,3.998971,0.09071456,0.005042553,-0.2173524
2.08,6.158742,-0.2685958,3.998673,0.1030398,-0.014925,0.6162629
2.1,6.238716,-0.270459,3.998787,0.09851936,0.005698204,-0.226023
2.12,6.318691,-0.2724126,3.998431,0.112032,-0.01779795,0.6756321
2.14,6.39866,-0.274096,3.998072,0.1241895,-0.01795292,0.6078739
2.16,6.478621,-0.2755361,3.997084,0.1527109,-0.04938841,1.426069
2.18,6.558563,-0.2764059,3.995128,0.1973577,-0.09778738,2.232342
2.2,6.638465,-0.2763828,3.989585,0.2884658,-0.2771735,4.555404
2.22,6.718257,-0.2745374,3.977742,0.421388,-0.5921364,6.646112
2.24,6.797812,-0.2700337,3.973948,0.4557806,-0.1896977,1.71963
2.26,6.877291,-0.2648421,3.969732,0.4911481,-0.2107859,1.768376
2.28,6.956686,-0.2589431,3.969305,0.4945908,-0.02137423,0.1721337
2.3,7.036072,-0.2529753,3.968569,0.500461,-0.03679991,0.2935097
2.32,7.115443,-0.2468901,3.969737,0.4911074,0.05842447,-0.4676774
2.34,7.194838,-0.2409919,3.970791,0.4825131,0.05269051,-0.4297152
2.36,7.274254,-0.2352657,3.971742,0.4746173,0.04756451,-0.3947914
2.38,7.353689,-0.2296973,3.972603,0.4673639,0.04301071,-0.3626704
2.4,7.433141,-0.224274,3.973381,0.4607013,0.03890991,-0.3331318
2.42,7.512609,-0.218984,3.974086,0.4545817,0.03523827,-0.305979
2.44,7.59209,-0.2138164,3.974725,0.4489613,0.03194809,-0.2810195
2.46,7.671585,-0.2087612,3.975304,0.4437997,0.02896786,-0.2580777
2.48,7.751091,-0.2038092,3.97583,0.4390599,0.02630949,-0.2369896
2.5,7.830607,-0.198952,3.976309,0.4347078,0.0239253,-0.2176076
2.52,7.910133,-0.1941818,3.976743,0.4307115,0.02173185,-0.1998127
2.54,7.989668,-0.1894916,3.977139,0.4270423,0.01978874,-0.1834601
2.56,8.069211,-0.1848747,3.977499,0.4236738,0.01801252,-0.1684278
2.58,8.148761,-0.1803253,3.974574,0.4502951,-0.1462817,1.331064
2.6,8.228252,-0.1752433,3.967959,0.5052689,-0.3307104,2.748694
2.62,8.307611,-0.169062,3.928829,0.7511985,-1.956499,12.29648
2.64,8.386189,-0.157962,3.878678,0.9776815,-2.507591,11.32415
2.66,8.463762,-0.1423324,3.846211,1.098482,-1.623344,6.040049
2.68,8.540687,-0.1242867,3.797337,1.257071,-2.443671,7.929451
2.7,8.616633,-0.1030693,3.763302,1.355565,-1.70176,4.924691
2.72,8.691899,-0.079882,3.750031,1.391856,-0.6635308,1.814556
2.74,8.7669,-0.05596887,3.724727,1.458221,-1.26524,3.318244
2.76,8.841394,-0.03072844,3.708579,1.498813,-0.8073688,2.029562
2.78,8.915566,-0.004676191,3.702116,1.514707,-0.3231764,0.7947385
2.8,8.989609,0.02169395,3.685635,1.554379,-0.8240223,1.983559
2.82,9.063321,0.04885752,3.641857,1.65435,-2.188897,4.998595
2.84,9.136158,0.07802053,3.603085,1.737175,-1.938629,4.141247
2.86,9.20822,0.10884,3.504442,1.928441,-4.932117,9.563279
2.88,9.278308,0.1434848,3.383814,2.133028,-6.031442,10.22933
2.9,9.345984,0.1822214,3.233932,2.354077,-7.494056,11.05249
2.92,9.410663,0.2253789,3.099562,2.528381,-6.718504,8.7152
2.94,9.472654,0.2720226,2.861527,2.794935,-11.90178,13.32771
2.96,9.529885,0.3239973,2.576783,3.059442,-14.23717,13.22533
2.98,9.581421,0.3812621,2.337553,3.245896,-11.96151,9.322715
3,9.628172,0.4422561,1.997804,3.465369,-16.98749,10.97362
3.02,9.668128,0.5076394,1.86726,3.53742,-6.527204,3.602576
3.04,9.705473,0.5744638,1.514649,3.70214,-17.63053,8.235979
3.06,9.735765,0.6445826,1.174594,3.823654,-17.00273,6.075704
3.08,9.759257,0.7171317,0.937382,3.888613,-11.86062,3.247964
3.1,9.778005,0.79098,0.6835214,3.941167,-12.69303,2.627695
3.12,9.791675,0.8658793,0.4731048,3.971923,-10.52083,1.537788
3.14,9.801137,0.9413937,0.2206715,3.993908,-12.62167,1.099265
3.16,9.805551,1.017348,-0.127344,3.997972,-17.40077,0.2032161
3.18,9.803003,1.093383,-0.3805998,3.981852,-12.66279,-0.8060336
3.2,9.795391,1.169096,-0.5498689,3.962025,-8.463459,-0.9913325
3.22,9.784393,1.244413,-0.8275082,3.913468,-13.88196,-2.427864
3.24,9.767843,1.318758,-1.055829,3.858138,-11.41604,-2.766514
3.26,9.746727,1.391997,-1.241896,3.802328,-9.303337,-2.790499
3.28,9.721889,1.46412,-1.317629,3.776752,-3.786689,-1.278806
3.3,9.72196,1.52546,-1.414114,3.741695,-4.824233,-1.752818
3.32,9.722875,1.58534,-1.42823,3.73633,-0.7057965,-0.2682805
3.34,9.721511,1.646754,-1.492037,3.711311,-3.190327,-1.250935
3.36,9.720618,1.707214,-1.557034,3.684514,-3.249872,-1.339841
3.38,9.702884,1.775287,-1.557071,3.684499,-0.001847744,-0.0007748604
3.4,9.685149,1.843359,-1.559898,3.683302,-0.1413643,-0.0598073
3.42,9.653952,1.913101,-1.581356,3.674141,-1.072872,-0.4580498
3.44,9.622325,1.98266,-1.556363,3.684798,1.249623,0.5328059
3.46,9.591198,2.052432,-1.601389,3.665454,-2.251303,-0.9671807
3.48,9.55917,2.121817,-1.671325,3.634099,-3.49679,-1.567757
3.5,9.525743,2.190575,-1.709565,3.616267,-1.911998,-0.8915782
3.52,9.491552,2.258976,-1.773496,3.585347,-3.196532,-1.546013
3.54,9.456082,2.326759,-1.844862,3.549153,-3.568304,-1.809704
3.56,9.419185,2.393818,-1.869995,3.535975,-1.256686,-0.6589174
3.58,9.381784,2.460614,-1.957321,3.488394,-4.366291,-2.379012
3.6,9.342638,2.526458,-2.064966,3.425772,-5.382246,-3.131115
3.62,9.301339,2.591049,-2.11824,3.39309,-2.663684,-1.634085
3.64,9.258974,2.654987,-2.211782,3.33287,-4.677129,-3.011036
3.66,9.214739,2.717721,-2.28417,3.283682,-3.619361,-2.459371
3.68,9.169055,2.77947,-2.345837,3.239915,-3.083372,-2.188361
3.7,9.122138,2.840344,-2.438806,3.170525,-4.648423,-3.469515
3.72,9.073362,2.899831,-2.560072,3.07344,-6.063306,-4.854238
3.74,9.022161,2.957376,-2.659968,2.987402,-4.99481,-4.301894
3.76,8.968961,3.0132,-2.853185,2.80345,-9.660876,-9.197593
3.78,8.911897,3.065345,-3.212812,2.382822,-17.98133,-21.03143
3.8,8.84764,3.109077,-3.3604,2.169726,-7.379413,-10.65477
3.82,8.793472,3.111164,-3.62704,1.686589,-13.33197,-24.15684
3.84,8.720931,3.140972,-3.880669,0.969745,-12.68148,-35.84222
3.86,8.643317,3.156443,-3.981209,0.3872701,-5.02696,-29.12374
3.88,8.563693,3.160264,-3.989337,-0.2918724,-0.4064202,-33.95713
3.9,8.483907,3.150503,-3.884269,-0.9552251,5.25341,-33.16763
3.92,8.406221,3.127474,-3.78967,-1.28,4.729939,-16.23876
3.94,8.330428,3.09795,-3.534435,-1.872905,12.76177,-29.64525
3.96,8.25974,3.056568,-3.267321,-2.307512,13.35568,-21.73036
3.98,8.194393,3.006494,-3.084044,-2.547287,9.163821,-11.98872
4,8.132712,2.951624,-2.818699,-2.838122,13.26727,-14.54175
4.02,8.076339,2.890938,-2.551473,-3.080582,13.36132,-12.12302
4.04,8.02531,2.825402,-2.388521,-3.208577,8.147597,-6.399751
4.06,7.977539,2.757307,-2.075469,-3.419419,15.65256,-10.54208
4.08,7.936029,2.684994,-1.987,-3.471575,4.423493,-2.60781
4.1,7.896289,2.611639,-1.687995,-3.626386,14.95025,-7.740533
4.12,7.862529,2.535187,-1.493077,-3.710892,9.745872,-4.225326
4.14,7.815308,2.492315,-1.39183,-3.750041,5.062372,-1.957452
4.16,7.769117,2.450739,-1.351496,-3.764765,2.016693,-0.7362008
4.18,7.725071,2.408008,-1.323073,-3.774848,1.421165,-0.504148
4.2,7.681444,2.365525,-1.333398,-3.771213,-0.5162656,0.1817465
4.22,7.647693,2.292943,-1.358433,-3.762268,-1.251775,0.4472852
4.24,7.614676,2.219752,-1.398689,-3.747488,-2.012777,0.7389665
4.26,7.58162,2.146139,-1.437991,-3.732584,-1.9651,0.745225
4.28,7.55286,2.067563,-1.46835,-3.720746,-1.51794,0.591886
4.3,7.523493,1.989224,-1.512077,-3.703191,-2.186364,0.8777499
4.32,7.493252,1.911237,-1.514432,-3.702228,-0.1177371,0.04813671
4.34,7.461813,1.834381,-1.53534,-3.693607,-1.04543,0.4310727
4.36,7.431106,1.756585,-1.532815,-3.694655,0.1262844,-0.05241632
4.38,7.40045,1.678767,-1.52815,-3.696587,0.233233,-0.09660721
4.4,7.369887,1.600912,-1.439282,-3.732086,4.443389,-1.774931
4.42,7.341101,1.522346,-1.372897,-3.757014,3.319275,-1.246405
4.44,7.313643,1.443282,-1.201124,-3.815403,8.588642,-2.919459
4.46,7.289621,1.36305,-1.05197,-3.859192,7.457709,-2.189422
4.48,7.268581,1.281942,-0.9012648,-3.897143,7.535249,-1.89755
4.5,7.250556,1.200075,-0.769886,-3.92521,6.568939,-1.403379
4.52,7.235158,1.117647,-0.7471875,-3.929594,1.134926,-0.2191901
4.54,7.220215,1.035131,-0.6778392,-3.942148,3.467417,-0.6277204
4.56,7.206658,0.952364,-0.6523774,-3.946442,1.273087,-0.2146721
4.58,7.19361,0.8695112,-0.6459552,-3.947498,0.3211111,-0.05280972
4.6,7.180691,0.7866372,-0.6374621,-3.948879,0.4246533,-0.0690341
4.62,7.167942,0.7037356,-0.6059132,-3.953842,1.577446,-0.2481818
4.64,7.155824,0.6207348,-0.6189632,-3.95182,-0.652501,0.1011133
4.66,7.143445,0.5377744,-0.5588425,-3.96077,3.006038,-0.4474759
4.68,7.132267,0.454635,-0.4363734,-3.976126,6.123456,-0.7678151
4.7,7.12354,0.3711885,-0.3126699,-3.987761,6.185171,-0.5817413
4.72,7.117287,0.2875093,-0.1922674,-3.995376,6.020125,-0.3807783
4.74,7.113441,0.2036777,-0.1397313,-3.997559,2.626807,-0.1091242
4.76,7.110647,0.1198026,-0.08666772,-3.999061,2.653179,-0.07510185
4.78,7.108913,0.03589734,-0.01086656,-3.999985,3.790058,-0.04622936
4.8,7.108696,-0.04802637,0.04210974,-3.999779,2.648815,0.01034737
4.82,7.109538,-0.1319459,0.05086344,-3.999676,0.4376849,0.005102158
4.84,7.110555,-0.2158635,0.1061346,-3.998592,2.763558,0.05424023
4.86,7.112678,-0.2997593,0.1388392,-3.99759,1.635229,0.05010366
4.88,7.115455,-0.3836351,0.1280438,-3.99795,-0.5397677,-0.01802444
4.9,7.118016,-0.4675181,0.09670354,-3.998831,-1.567014,-0.04403591
4.92,7.11995,-0.5514187,0.06798486,-3.999422,-1.435934,-0.0295639
4.94,7.121309,-0.6353312,0.04169034,-3.999783,-1.314726,-0.01802444
4.96,7.122143,-0.7192508,0.01763617,-3.999961,-1.202708,-0.008928776
4.98,7.122496,-0.803174,-0.004352118,-3.999998,-1.099415,-0.001835823
5,7.122409,-0.887098,-0.02443721,-3.999926,-1.004255,0.003612041
5.02,7.12192,-0.9710205,-0.04277039,-3.999771,-0.9166589,0.007712841
5.04,7.121065,-1.05494,-0.05949664,-3.999557,-0.8363128,0.01070499
5.06,7.119875,-1.138855,-0.1451855,-3.997364,-4.284444,0.1096487
5.08,7.116971,-1.222726,-0.3441005,-3.985172,-9.945747,0.6096125
5.1,7.110089,-1.306354,-0.6479562,-3.94717,-15.19279,1.900077
5.12,7.09713,-1.389221,-0.776428,-3.923921,-6.423593,1.162457
5.14,7.081601,-1.471624,-0.8986609,-3.897744,-6.111643,1.30887
5.16,7.063628,-1.553502,-0.9716349,-3.880197,-3.648698,0.8773685
5.18,7.044195,-1.63503,-0.955432,-3.884218,0.8101434,-0.2010703
5.2,7.025086,-1.716639,-0.9406682,-3.88782,0.7381916,-0.1800895
5.22,7.006273,-1.798319,-0.9272211,-3.891049,0.6723553,-0.1614571
5.24,6.987729,-1.880064,-0.9149805,-3.893945,0.6120294,-0.1448274
5.26,6.969429,-1.961867,-0.6324844,-3.949679,14.12481,-2.786672
5.28,6.95678,-2.044785,0.12729,-3.997974,37.98872,-2.414751
5.3,6.959326,-2.128668,0.6900076,-3.940037,28.13588,2.896845
5.32,6.973126,-2.211393,1.61118,-3.661161,46.05862,13.9438
5.34,7.00535,-2.28854,2.09246,-3.409049,24.06399,12.60562
5.36,7.047199,-2.360645,2.188111,-3.348458,4.782546,3.029525
5.38,7.090961,-2.431538,2.155459,-3.369569,-1.632595,-1.055562
5.4,7.13407,-2.502854,2.098116,-3.40557,-2.867126,-1.800036
5.42,7.176032,-2.574889,1.983914,-3.473339,-5.710083,-3.388441
5.44,7.21571,-2.64828,1.813242,-3.565411,-8.533603,-4.603589
5.46,7.251975,-2.723512,1.12025,-3.839927,-34.64962,-13.72582
5.48,7.27438,-2.804235,0.534869,-3.964078,-29.26905,-6.207573
5.5,7.285078,-2.88744,-0.04255755,-3.999774,-28.87133,-1.784766
5.52,7.284226,-2.971359,-0.2334601,-3.993181,-9.545125,0.3296256
5.54,7.279557,-3.055147,-0.2114821,-3.994406,1.098896,-0.06121397
5.56,7.275328,-3.138959,-0.1914558,-3.995416,1.001318,-0.05050898
5.58,7.271499,-3.222791,-0.1268509,-3.997988,3.230246,-0.1286268
5.6,7.268961,-3.306675,0.07433226,-3.999309,10.05916,-0.06604195
5.62,7.270448,-3.390585,0.3367923,-3.985796,13.123,0.6756425
5.64,7.277184,-3.474225,0.4032837,-3.979618,3.324571,0.308907
5.66,7.28525,-3.557742,0.3983506,-3.980115,-0.246653,-0.02485514
5.68,7.293217,-3.641268,0.3938653,-3.980561,-0.2242669,-0.02231598
5.7,7.301094,-3.724803,0.2269557,-3.993556,-8.345481,-0.6497264
5.72,7.305633,-3.808598,0.06493517,-3.999473,-8.101026,-0.2958417
5.74,7.306932,-3.892512,-0.06833424,-3.999416,-6.66347,0.002837181
5.76,7.305565,-3.976424,-0.1971626,-3.995138,-6.441417,0.2139091
5.78,7.301622,-4.060251,-0.1807701,-3.995913,0.8196257,-0.03876686
5.8,7.298007,-4.144093,-0.1894492,-3.995511,-0.4339561,0.02011061
5.82,7.294218,-4.227927,-0.1750782,-3.996167,0.7185474,-0.03278255
5.84,7.290716,-4.311775,-0.1620326,-3.996717,0.6522819,-0.02750158
5.86,7.287476,-4.395633,-0.150196,-3.997179,0.5918279,-0.0231266
5.88,7.284472,-4.479501,-0.1394563,-3.997568,0.5369887,-0.01944304
5.9,7.281682,-4.563376,-0.1297152,-3.997896,0.4870519,-0.01639128
5.92,7.279088,-4.647258,-0.1208801,-3.998173,0.4417583,-0.01386404
5.94,7.27667,-4.731145,-0.1128706,-3.998407,0.4004713,-0.01170635
5.96,7.274413,-4.815038,-0.105608,-3.998606,0.3631331,-0.009918213
5.98,7.272301,-4.898934,-0.09902509,-3.998774,0.3291436,-0.008416176
6,7.27032,-4.982833,-0.09306,-3.998917,0.2982546,-0.007152557
6.02,7.268459,-5.066736,-0.08765302,-3.999039,0.2703492,-0.006115437
6.04,7.266706,-5.15064,-0.08275496,-3.999144,0.2449028,-0.005233288
6.06,7.265051,-5.234547,-0.07831725,-3.999233,0.2218854,-0.004458427
6.08,7.263485,-5.318456,-0.07429565,-3.99931,0.20108,-0.00385046
6.1,7.261999,-5.402366,0.0250161,-3.999922,4.965588,-0.03056526
6.12,7.262499,-5.486288,0.2158258,-3.994173,9.540484,0.2874255
6.14,7.266816,-5.570096,0.3508571,-3.984583,6.751568,0.4795074
6.16,7.273833,-5.653711,0.5034976,-3.968185,7.632023,0.8199096
6.18,7.283903,-5.736999,0.6948391,-3.939188,9.567073,1.449847
6.2,7.2978,-5.819707,0.7856215,-3.922091,4.539123,0.854826
6.22,7.313512,-5.902073,0.9393811,-3.888131,7.687977,1.698005
6.24,7.332299,-5.983759,1.02005,-3.867751,4.033425,1.018989
6.26,7.3527,-6.065038,1.055215,-3.858305,1.75826,0.4723072
6.28,7.373805,-6.146128,1.160149,-3.828062,5.246693,1.512182
6.3,7.397007,-6.226614,1.337138,-3.769889,8.849454,2.908623
6.32,7.42375,-6.305935,1.474907,-3.718151,6.888473,2.586889
6.34,7.453249,-6.384223,1.885426,-3.527771,20.52592,9.518993
6.36,7.490957,-6.458702,2.506506,-3.117279,31.05402,20.52462
6.38,7.541087,-6.524971,2.842655,-2.814127,16.80747,15.1576
6.4,7.59794,-6.585178,3.495097,-1.945328,32.62206,43.43997
6.42,7.667842,-6.628008,3.90542,-0.8646935,20.51617,54.03171
6.44,7.74595,-6.649226,3.984601,-0.3506449,3.95906,25.70243
6.46,7.825642,-6.660163,3.999902,-0.02801488,0.7650375,16.1315
6.48,7.90564,-6.664647,3.977537,0.4233168,-1.118231,22.56658
6.5,7.985191,-6.660105,3.982559,0.3731286,0.2510667,-2.509409
6.52,8.064842,-6.656566,3.945061,0.6606735,-1.874864,14.37725
6.54,8.143744,-6.647277,3.933169,0.7281382,-0.5946398,3.373235
6.56,8.222407,-6.636638,3.939511,0.6930009,0.3171325,-1.756868
6.58,8.301198,-6.626702,3.944646,0.6631506,0.2567291,-1.492512
6.6,8.380091,-6.617363,3.951838,0.6188486,0.3596306,-2.215099
6.62,8.459127,-6.608911,3.960652,0.5596745,0.4406691,-2.958706
6.64,8.538341,-6.601641,3.967612,0.5079948,0.3479838,-2.583984
6.66,8.617693,-6.595405,3.975736,0.439908,0.4062414,-3.404343
6.68,8.697207,-6.590531,3.982295,0.3759304,0.3279448,-3.198877
6.7,8.776854,-6.586936,3.9875,0.3159782,0.2602458,-2.99761
6.72,8.856604,-6.584541,3.991545,0.2599401,0.2022505,-2.801906
6.74,8.936435,-6.583266,3.994605,0.2076835,0.1529932,-2.612828
6.76,9.016327,-6.583036,3.996836,0.1590593,0.1115561,-2.431212
6.78,9.096264,-6.583779,3.998396,0.1132689,0.07799864,-2.289519
6.8,9.176231,-6.585438,3.999358,0.07167407,0.04808903,-2.079744
6.82,9.256219,-6.587928,3.999212,-0.07940798,-0.007307529,-7.554102
6.84,9.336204,-6.593441,3.996099,-0.1766286,-0.1556635,-4.861034
6.86,9.416125,-6.600897,3.987955,-0.3101837,-0.4071712,-6.677752
6.88,9.495884,-6.611025,3.980837,-0.3910743,-0.3559232,-4.04453
6.9,9.5755,-6.62277,3.969884,-0.4899209,-0.5476475,-4.942332
6.92,9.654898,-6.636493,3.965786,-0.5220556,-0.204885,-1.606736
6.94,9.734214,-6.650858,3.958227,-0.5765775,-0.377965,-2.726093
6.96,9.813378,-6.666314,3.950799,-0.6254524,-0.3714085,-2.443746
6.98,9.892394,-6.682747,3.943182,-0.6718021,-0.3808379,-2.317485
7,9.971258,-6.700107,3.93157,-0.7367206,-0.5805731,-3.245926
7.02,10.04989,-6.718766,3.918647,-0.8026232,-0.646162,-3.295127
7.04,10.12826,-6.738742,3.90967,-0.8452697,-0.4488587,-2.132326
7.06,10.20646,-6.759572,3.906203,-0.8611497,-0.1733422,-0.7940024
7.08,10.28458,-6.780718,3.901767,-0.8810319,-0.2218127,-0.9941101
7.1,10.36262,-6.802263,3.902075,-0.879663,0.01542568,0.06844699
7.12,10.44066,-6.82378,3.902358,-0.8784093,0.0141263,0.06268322
7.14,10.5187,-6.845272,3.902615,-0.877265,0.01286268,0.05721748
7.16,10.59676,-6.866741,3.902851,-0.876218,0.01177788,0.05235076
7.18,10.67481,-6.888189,3.904111,-0.8705838,0.06302595,0.2817094
7.2,10.7529,-6.909525,3.938494,-0.698759,1.719141,8.591241
7.22,10.83167,-6.927424,3.965888,-0.521283,1.369679,8.873796
7.24,10.91098,-6.941773,3.991075,-0.2670626,1.259363,12.71102
7.26,10.9908,-6.951039,3.998804,-0.09782258,0.3864408,8.462002
7.28,11.07078,-6.956919,3.999952,-0.01963445,0.05739927,3.909407
7.3,11.15078,-6.961236,3.997128,0.1515519,-0.1411915,8.559318
7.32,11.23072,-6.962129,3.990372,0.2773682,-0.3378034,6.290813
7.34,11.31053,-6.960506,3.986789,0.3248328,-0.1791477,2.373232
7.36,11.39027,-6.957933,3.979001,0.4093262,-0.3893733,4.224669
7.38,11.46985,-6.953671,3.971646,0.4754237,-0.3677487,3.304875
7.4,11.54928,-6.948087,3.963264,0.5408636,-0.4190922,3.271999
7.42,11.62854,-6.941194,3.956665,0.5872006,-0.3299952,2.31685
7.44,11.70768,-6.933373,3.943455,0.6701982,-0.6605029,4.149878
7.46,11.78655,-6.923893,3.938794,0.6970675,-0.2330303,1.343465
7.48,11.86532,-6.913876,3.9198,0.7969741,-0.9496808,4.995328
7.5,11.94372,-6.901861,3.902828,0.8763186,-0.8486271,3.967226
7.52,12.02177,-6.888258,3.893059,0.9187428,-0.4884124,2.121213
7.54,12.09963,-6.873807,3.864907,1.030773,-1.407635,5.601529
7.56,12.17693,-6.857116,3.849268,1.08772,-0.7819414,2.84735
7.58,12.25392,-6.839285,3.839386,1.122102,-0.4940867,1.719105
7.6,12.33071,-6.820767,3.840524,1.118203,0.05687475,-0.1949906
7.62,12.40752,-6.802327,3.839152,1.122903,-0.06856918,0.2349913
7.64,12.4843,-6.783793,3.846786,1.096467,0.3816724,-1.321787
7.66,12.56124,-6.765788,3.859042,1.052518,0.6128073,-2.197415
7.68,12.63842,-6.748661,3.889348,0.9343286,1.515305,-5.909497
7.7,12.7162,-6.733899,3.90946,0.8462416,1.005578,-4.404348
7.72,12.79439,-6.720898,3.945547,0.657768,1.804376,-9.423682
7.74,12.8733,-6.711666,3.973386,0.4606571,1.391935,-9.855542
7.76,12.95277,-6.706377,3.982087,0.3781321,0.4350543,-4.126251
7.78,13.03241,-6.702738,3.991557,0.2597501,0.4735231,-5.919102
7.8,13.11224,-6.701468,3.99662,0.1644022,0.2531409,-4.767393
7.82,13.19218,-6.702104,3.998702,0.1018787,0.1041055,-3.126177
7.84,13.27215,-6.70399,3.999421,0.06806746,0.03592968,-1.690561
7.86,13.35214,-6.706553,3.999708,0.04829102,0.01437664,-0.9888219
7.88,13.43213,-6.709511,3.999782,0.04181166,0.003659725,-0.3239682
7.9,13.51213,-6.712599,3.999847,0.03501421,0.003254414,-0.3398726
7.92,13.59213,-6.715823,3.999789,0.04112645,-0.002896786,0.3056122
7.94,13.67212,-6.718924,3.999727,0.04676998,-0.003099442,0.2821762
7.96,13.75212,-6.721913,3.999662,0.0519808,-0.003230572,0.260541
7.98,13.83211,-6.724797,3.999597,0.05679164,-0.003266335,0.2405424
8,13.9121,-6.727585,3.999531,0.06123286,-0.003278255,0.2220608
8.02,13.99209,-6.730285,3.999466,0.0653325,-0.003242493,0.2049821
8.04,14.07208,-6.732902,3.999403,0.06911723,-0.003182888,0.1892366
8.059999,14.15207,-6.735444,3.999341,0.07261027,-0.003099442,0.174652
8.08,14.23206,-6.737916,3.999281,0.07583456,-0.002980232,0.1612145
8.099999,14.31204,-6.740323,3.999223,0.07881001,-0.002884865,0.1487724
8.12,14.39203,-6.742671,3.999168,0.08155666,-0.002753735,0.1373325
8.139999,14.47201,-6.744963,3.999116,0.08409113,-0.002622604,0.1267232
8.16,14.55199,-6.747205,3.999066,0.08643046,-0.002491474,0.1169667
8.179999,14.63197,-6.749401,3.999019,0.08858948,-0.002360344,0.1079511
8.2,14.71195,-6.751553,3.998974,0.09058183,-0.002229214,0.09961762
8.22,14.79193,-6.753665,3.998932,0.09242034,-0.002110004,0.09192526
8.24,14.87191,-6.755741,3.998201,0.1199531,-0.03656149,1.37664
8.26,14.95188,-6.757266,3.996274,0.1726172,-0.09635687,2.633202
8.28,15.0318,-6.757738,3.990501,0.2755008,-0.2886415,5.144181
8.3,15.11161,-6.756152,3.984542,0.3513223,-0.2979636,3.791076
8.32,15.1913,-6.753049,3.972802,0.4656662,-0.5869865,5.717193
8.34,15.27076,-6.74766,3.959833,0.5654401,-0.6484389,4.988694
8.36,15.34996,-6.740275,3.953093,0.6107801,-0.3369927,2.267003
8.38,15.42902,-6.731984,3.936738,0.7085859,-0.8177638,4.89029
8.4,15.50775,-6.721736,3.922793,0.7821075,-0.6972313,3.676078
8.42,15.58621,-6.710018,3.908101,0.8524929,-0.7346034,3.51927
8.44,15.66437,-6.696892,3.890852,0.9280473,-0.8624673,3.777722
8.46,15.74219,-6.682255,3.887063,0.9437919,-0.1894712,0.7872283
8.48,15.81993,-6.667303,3.858291,1.055268,-1.43857,5.573792
8.5,15.89709,-6.650122,3.834493,1.138709,-1.189888,4.172075
8.52,15.97378,-6.631271,3.793314,1.269161,-2.058971,6.522566
8.54,16.04965,-6.609812,3.764915,1.351078,-1.419938,4.095894
8.559999,16.12495,-6.586715,3.724832,1.457953,-2.004158,5.343718
8.58,16.19945,-6.56148,3.661391,1.610656,-3.172028,7.635159
8.599999,16.27267,-6.53319,3.641409,1.655337,-0.9991288,2.234071
8.62,16.3455,-6.504007,3.573666,1.796917,-3.387141,7.078981
8.639999,16.41698,-6.471993,3.49277,1.949501,-4.044783,7.62921
8.66,16.48683,-6.436927,3.37005,2.154708,-6.136036,10.26034
8.679999,16.55423,-6.397757,3.141695,2.475834,-11.41774,16.0563
8.7,16.61707,-6.352164,2.641918,3.003376,-24.98884,26.37713
8.72,16.6699,-6.29602,2.282599,3.284774,-17.96596,14.06989
8.74,16.71556,-6.234249,1.677798,3.631115,-30.24005,17.31702
8.76,16.74911,-6.16555,1.412453,3.742323,-13.26727,5.560398
8.78,16.77736,-6.094628,0.6958615,3.939007,-35.82956,9.834218
8.8,16.79128,-6.019772,0.1941819,3.995284,-25.08398,2.813828
8.82,16.79516,-5.94379,-0.1687285,3.99644,-18.14552,0.05780458
8.84,16.79179,-5.867785,-0.2329706,3.99321,-3.212105,-0.1615047
8.86,16.78713,-5.791845,-0.3229305,3.986943,-4.497996,-0.3133178
8.88,16.78067,-5.71603,-0.3930841,3.980639,-3.507681,-0.3152251
8.9,16.77281,-5.640341,-0.4489357,3.974727,-2.792578,-0.2955794
8.92,16.76383,-5.564771,-0.4412453,3.975588,0.3845215,0.0430584
8.94,16.75501,-5.489183,-0.5079055,3.967623,-3.333014,-0.3982663
8.96,16.74485,-5.413754,-0.5321279,3.964447,-1.211116,-0.1588106
8.98,16.73421,-5.338389,-0.5838128,3.957166,-2.584249,-0.3640413
9,16.72253,-5.26317,-0.6846434,3.940973,-5.041531,-0.8096695
9.02,16.70884,-5.188275,-0.7448382,3.93004,-3.00974,-0.5466223
9.04,16.69394,-5.113598,-0.7618006,3.926787,-0.8481175,-0.1626372
9.059999,16.69084,-5.043194,-0.822256,3.914575,-3.022772,-0.6106257
9.08,16.67691,-4.969321,-0.8487332,3.90892,-1.323858,-0.2827644
9.099999,16.66082,-4.895216,-0.9678496,3.881142,-5.955822,-1.38886
9.12,16.64316,-4.821486,-1.04172,3.861971,-3.693515,-0.9585738
9.139999,16.62459,-4.74798,-1.094885,3.847236,-2.658248,-0.7367253
9.16,16.60476,-4.674819,-1.319575,3.776072,-11.23451,-3.558207
9.179999,16.5816,-4.602641,-1.50692,3.705292,-9.367257,-3.539002
9.2,16.55423,-4.531974,-1.602062,3.66516,-4.757101,-2.006614
9.22,16.52403,-4.462472,-2.037338,3.442275,-21.76377,-11.14426
9.24,16.48329,-4.397551,-2.501869,3.121001,-23.22659,-16.06368
9.26,16.43325,-4.339055,-2.633018,3.011182,-6.557429,-5.490959
9.28,16.38059,-4.282755,-2.962872,2.687265,-16.49268,-16.19586
9.3,16.32133,-4.232934,-3.219677,2.373538,-12.84026,-15.68636
9.32,16.25694,-4.189387,-3.284101,2.283568,-3.221214,-4.498506
9.34,16.19126,-4.14764,-3.462693,2.002438,-8.929599,-14.05648
9.36,16.122,-4.111515,-3.506459,1.924772,-2.188289,-3.883314
9.38,16.05187,-4.076943,-3.617934,1.706035,-5.57375,-10.93684
9.4,15.97952,-4.046747,-3.663969,1.604783,-2.301776,-5.062604
9.42,15.90624,-4.018575,-3.707662,1.501082,-2.184618,-5.185062
9.44,15.83208,-3.992478,-3.774318,1.324585,-3.332818,-8.824843
9.46,15.7566,-3.96991,-3.873447,0.9982035,-4.956436,-16.31907
9.48,15.67913,-3.95387,-3.923063,0.7807538,-2.480805,-10.87248
9.5,15.60067,-3.942179,-3.9413,0.6827551,-0.9118557,-4.899934
9.52,15.52184,-3.932448,-3.982303,0.3758507,-2.050149,-15.34522
9.54,15.44219,-3.928855,-3.999461,-0.06563669,-0.8579254,-22.07437
9.559999,15.3622,-3.934091,-3.966063,-0.5199431,1.669908,-22.71532
9.58,15.28288,-3.948414,-3.780907,-1.305658,9.257806,-39.28572
9.599999,15.20727,-3.978451,-3.556817,-1.830041,11.20449,-26.21917
9.62,15.13613,-4.018976,-3.366075,-2.160912,9.537125,-16.54354
9.639999,15.06881,-4.066118,-2.901293,-2.753634,23.23909,-29.6361
9.66,15.00965,-4.055478,-2.430687,-3.176753,23.53029,-21.15595
9.679999,14.96427,-4.052793,-1.982391,-3.474209,22.41482,-14.8728
9.7,14.90963,-4.071175,-1.598429,-3.666746,19.19807,-9.626842
9.719999,14.86111,-4.085407,-1.269641,-3.793153,16.43944,-6.320381
9.74,14.81924,-4.098031,-1.127288,-3.837867,7.117653,-2.235687
9.76,14.78191,-4.112542,-0.8261119,-3.913763,15.05879,-3.794789
9.78,14.75022,-4.12458,-0.5515597,-3.96179,13.72761,-2.401376
9.8,14.72479,-4.135991,-0.4058714,-3.979355,7.284416,-0.8782506
9.82,14.70308,-4.147649,-0.1859367,-3.995676,10.99673,-0.8160472
9.84,14.68529,-4.156909,-0.08546619,-3.999087,5.023527,-0.1705289
9.86,14.66942,-4.165256,-0.06239308,-3.999513,1.153656,-0.02132654
9.88,14.65411,-4.173562,-0.08941676,-3.999,-1.351184,0.02565384
9.9,14.63843,-4.182365,-0.1147407,-3.998354,-1.266195,0.03230572
9.92,14.60985,-4.214841,-0.1262397,-3.998007,-0.5749512,0.01734495
9.94,14.58118,-4.247534,-0.1372196,-3.997646,-0.5489938,0.01808405
9.96,14.55242,-4.280423,-0.1476802,-3.997273,-0.52303,0.01863241
9.98,14.52353,-4.31346,-0.1575869,-3.996895,-0.4953362,0.01891851
10,14.52038,-4.397322,-0.1974663,-3.995123,-1.993969,0.08858442
10.02,14.47875,-4.442108,-0.1918027,-3.995399,0.2831802,-0.01379251
10.04,14.44299,-4.490141,-0.1930621,-3.995338,-0.06297231,0.003027916
10.06,14.43913,-4.573972,-0.2324647,-3.993239,-1.97013,0.1049519
10.08,14.42179,-4.6497,-0.254912,-3.991869,-1.122365,0.06849766
10.1,14.40484,-4.725763,-0.2772836,-3.990378,-1.118578,0.07457733
10.12,14.39929,-4.809495,-0.313338,-3.987708,-1.802723,0.1334667
10.14,14.39302,-4.893173,-0.346332,-3.984978,-1.6497,0.1364946
10.16,14.3861,-4.976797,-0.3939948,-3.980549,-2.38314,0.2214789
10.18,14.37822,-5.060332,-0.4245823,-3.977402,-1.529372,0.1573205
10.2,14.36973,-5.143804,-0.4535114,-3.974208,-1.446454,0.1597285
10.22,14.36066,-5.227212,-0.4808197,-3.970996,-1.365417,0.1605749
10.24,14.35104,-5.310556,-0.5065536,-3.967796,-1.286697,0.1600385
10.26,14.34091,-5.393836,-0.5307663,-3.964629,-1.210633,0.1583099
10.28,14.33029,-5.477053,-0.5535097,-3.961518,-1.137167,0.1555562
10.3,14.31922,-5.560207,-0.5748373,-3.95848,-1.066384,0.1519203
10.32,14.30773,-5.643301,-0.594812,-3.955528,-0.9987324,0.1476169
10.34,14.29583,-5.726336,-0.6134916,-3.952674,-0.9339809,0.1426935
10.36,14.28356,-5.809313,-0.6309384,-3.949926,-0.8723408,0.1373649
10.38,14.27094,-5.892235,-0.6472086,-3.947293,-0.813511,0.1316667
10.4,14.258,-5.975105,-0.6623679,-3.944777,-0.7579654,0.1257896
10.42,14.24475,-6.057925,-0.6764727,-3.942383,-0.7052392,0.11971
10.44,14.23122,-6.140697,-0.6895834,-3.940111,-0.6555349,0.1136065
10.46,14.21743,-6.223423,-0.7017553,-3.937961,-0.6085962,0.1074791
10.48,14.20339,-6.306106,-0.7130437,-3.935933,-0.5644202,0.1014113
10.5,14.18913,-6.388748,-0.7235039,-3.934024,-0.5230069,0.09547472
10.52,14.17466,-6.471353,-0.7331889,-3.93223,-0.484249,0.08966923
10.54,14.16,-6.553921,-0.7421451,-3.930549,-0.4478127,0.08404255
10.56,14.14515,-6.636456,-0.7504231,-3.928977,-0.4138976,0.07859468
10.58,14.13015,-6.718959,-0.7580655,-3.92751,-0.3821224,0.0733614
10.6,14.11498,-6.801434,-0.7651185,-3.926142,-0.3526479,0.06839037
10.62,14.09968,-6.883881,-0.7716212,-3.92487,-0.3251344,0.06363392
10.64,14.08425,-6.966302,-0.7776144,-3.923687,-0.2996594,0.05915165
10.66,14.0687,-7.0487,-0.7646217,-3.926239,0.649634,-0.1276255
10.68,14.0534,-7.131149,-0.7328972,-3.932285,1.586226,-0.3022671
10.7,14.03875,-7.213718,-0.701426,-3.93802,1.573557,-0.2867699
10.72,14.02472,-7.296403,-0.6701972,-3.943455,1.561442,-0.2717376
10.74,14.01131,-7.379196,-0.5814692,-3.957511,4.436398,-0.7028103
10.76,13.99968,-7.46227,-0.5326403,-3.964378,2.441448,-0.3433585
10.78,13.98903,-7.545482,-0.4251312,-3.977344,5.375455,-0.648284
10.8,13.98053,-7.628953,-0.3586829,-3.983886,3.322414,-0.3270984
10.82,13.97336,-7.712554,-0.2727995,-3.990687,4.29417,-0.3400445
10.84,13.9679,-7.796292,-0.2485723,-3.992269,1.211357,-0.07910728
10.86,13.96293,-7.880061,-0.1631599,-3.996671,4.270624,-0.220108
10.88,13.95966,-7.963919,-0.0998114,-3.998754,3.167424,-0.1041651
10.9,13.95767,-8.047818,0.004923121,-3.999997,5.236726,-0.06213188
10.92,13.95777,-8.131742,0.1083834,-3.998531,5.173015,0.07328987
10.94,13.95993,-8.215637,0.1911483,-3.99543,4.138242,0.1550436
10.96,13.96376,-8.29947,0.3818268,-3.981735,9.53393,0.6847858
10.98,13.97139,-8.383029,0.7340758,-3.932065,17.61245,2.483487
11,13.98608,-8.465594,0.881996,-3.901549,7.39601,1.525807
11.02,14.00372,-8.547549,1.229049,-3.8065,17.35263,4.752445
11.04,14.0283,-8.627604,2.250984,-3.306519,51.09679,24.99905
11.06,14.07332,-8.697658,2.725263,-2.927958,23.71395,18.92803
11.08,14.12782,-8.76014,3.168349,-2.441631,22.15428,24.31636
11.1,14.19119,-8.812897,3.412578,-2.086699,12.21144,17.74662
11.12,14.25944,-8.858555,3.464624,-1.999094,2.602315,4.380226
11.14,14.32873,-8.902461,3.621608,-1.698222,7.849169,15.04362
11.16,14.29403,-8.919983,3.755755,-1.376338,6.70737,16.09419
11.18,14.29364,-8.922099,3.776628,-1.317983,1.043665,2.917778
11.2,14.29348,-8.922879,3.850201,-1.084414,3.678632,11.67845
11.22,14.29348,-8.922879,3.868777,-1.016153,0.9287953,3.413022
11.24,14.29348,-8.922879,3.881268,-0.9673462,0.6245613,2.440351
11.26,14.37111,-8.94615,3.890284,-0.9304234,0.4508138,1.846138
11.28,14.31146,-8.960872,3.902014,-0.8799344,0.5864978,2.524451
11.3,14.30736,-8.961994,3.897975,-0.8976564,-0.2019405,-0.8861005
11.32,14.30493,-8.962542,3.89803,-0.8974202,0.002717972,0.01181066
11.34,14.30367,-8.962689,3.897822,-0.8983239,-0.01040697,-0.0451833
11.36,14.30292,-8.96273,3.885955,-0.9483424,-0.5933285,-2.500925
11.38,14.30185,-8.963109,3.875391,-0.9906297,-0.5282164,-2.114365
11.4,14.3096,-8.984938,3.87014,-1.010947,-0.2625227,-1.015866
11.42,14.3172,-9.007288,3.86527,-1.029411,-0.2435088,-0.9231985
11.44,14.32507,-9.029969,3.860683,-1.046483,-0.2293468,-0.8535802
11.46,14.33316,-9.052963,3.856371,-1.062263,-0.2156138,-0.7890403
11.48,14.34145,-9.07625,3.842375,-1.111825,-0.6997943,-2.478063
11.5,14.35021,-9.100509,3.803745,-1.237546,-1.931489,-6.286085
11.52,14.42628,-9.129184,3.743951,-1.40813,-2.989709,-8.529186
11.54,14.47356,-9.179675,3.728107,-1.449557,-0.7921815,-2.071327
11.56,14.54786,-9.213283,3.687552,-1.549826,-2.027774,-5.013472
11.58,14.62161,-9.248203,3.663159,-1.606632,-1.219654,-2.840286
11.6,14.69487,-9.28426,3.6426,-1.652715,-1.027966,-2.304178
11.62,14.76772,-9.321239,3.633331,-1.672992,-0.4634142,-1.013839
11.64,14.84039,-9.358623,3.624467,-1.692111,-0.4432321,-0.9559512
11.66,14.91288,-9.396389,3.618762,-1.704278,-0.285244,-0.608331
11.68,14.98525,-9.434399,3.627998,-1.684526,0.4618287,0.9875894
11.7,15.05781,-9.472013,3.665438,-1.601427,1.871967,4.154956
11.72,15.13112,-9.507966,3.721196,-1.467208,2.787924,6.710953
11.74,15.20555,-9.541234,3.823174,-1.176155,5.098879,14.55263
11.76,15.28201,-9.568681,3.914418,-0.8230022,4.562199,17.65765
11.78,15.3603,-9.589065,3.950593,-0.6267491,1.808763,9.812654
11.8,15.43931,-9.605523,3.978316,-0.4159334,1.386154,10.54079
11.82,15.51888,-9.617765,3.995059,-0.1987416,0.8371711,10.85959
11.84,15.59878,-9.625665,3.997061,-0.1533019,0.1000881,2.271986
11.86,15.67872,-9.632655,3.999239,-0.07800685,0.1088977,3.764752
11.88,15.7587,-9.63814,3.999266,-0.0766127,0.001347065,0.06970726
11.9,15.83869,-9.643596,3.999312,-0.07417195,0.00231266,0.1220379
11.92,15.91868,-9.649003,3.998749,-0.1000419,-0.02818108,-1.293499
11.94,15.99865,-9.654928,3.998072,-0.124176,-0.0338316,-1.206703
11.96,16.07861,-9.661336,3.99731,-0.146669,-0.03809929,-1.124653
11.98,16.15856,-9.668193,3.996487,-0.1676117,-0.04117489,-1.047131
12,16.23849,-9.675469,3.995622,-0.1870911,-0.04321337,-0.973972
12.02,16.3184,-9.683135,3.994733,-0.2051964,-0.04445314,-0.9052657
12.04,16.39829,-9.691163,3.993834,-0.2220091,-0.04495382,-0.8406319
12.06,16.47817,-9.699527,3.992936,-0.2376113,-0.04490614,-0.7801108
12.08,16.55803,-9.708203,3.992049,-0.2520775,-0.04433393,-0.7233106
12.1,16.63787,-9.717169,3.99118,-0.2654833,-0.04346371,-0.67029
12.12,16.7177,-9.726402,3.990335,-0.2778978,-0.04225969,-0.6207243
12.14,16.7975,-9.735885,3.989518,-0.2893859,-0.0408411,-0.574404
12.16,16.87729,-9.745596,3.989893,-0.2841737,0.0187397,0.2606064
12.18,16.95709,-9.755203,3.993397,-0.2297362,0.1752019,2.721874
12.2,17.03696,-9.763722,3.99464,-0.2070127,0.06213188,1.136179
12.22,17.11685,-9.771787,3.998175,-0.1208108,0.1767874,4.310091
12.24,17.19682,-9.778127,3.999827,-0.03719397,0.0825882,4.180843
12.26,17.27681,-9.782795,3.999999,-0.003427065,0.008571148,1.688345
12.28,17.35681,-9.786787,3.99929,0.07538369,-0.03545284,3.940538
12.3,17.4368,-9.789204,3.998158,0.1213605,-0.05655289,2.298842
12.32,17.51676,-9.7907,3.998132,0.1222149,-0.001299381,0.04271641
12.34,17.59672,-9.79218,3.998083,0.1238282,-0.002479553,0.08066595
12.36,17.67669,-9.793628,3.998011,0.1261319,-0.003600121,0.1151852
12.38,17.75665,-9.795029,3.998361,0.1145005,0.01749992,-0.58157
12.4,17.83661,-9.796662,3.998654,0.1037653,0.01465082,-0.5367566
12.42,17.91659,-9.798511,3.998899,0.09386025,0.01223087,-0.4952546
12.44,17.99656,-9.800557,3.999103,0.08472455,0.01020432,-0.4567854
12.46,18.07655,-9.802787,3.999272,0.07630084,0.008487701,-0.421185
12.48,18.15653,-9.805184,3.999413,0.06853421,0.007021427,-0.3883317
12.5,18.23652,-9.807737,3.999529,0.06137671,0.005817413,-0.357875
12.52,18.31651,-9.810433,3.999625,0.05478087,0.004792213,-0.3297921
12.54,18.3965,-9.813262,3.999488,0.06396826,-0.006830692,0.4593698
12.56,18.47649,-9.815907,3.999579,0.05801614,0.004541874,-0.297606
12.58,18.55648,-9.81867,3.999425,0.0678343,-0.007724762,0.4909076
12.6,18.63647,-9.821238,3.998543,0.1079452,-0.0440836,2.005544
12.62,18.71644,-9.823003,3.997824,0.1319347,-0.03596544,1.199474
12.64,18.7964,-9.824288,3.996357,0.1706683,-0.07331371,1.936681
12.66,18.87633,-9.824799,3.99456,0.2085411,-0.08985996,1.89364
12.68,18.95622,-9.824552,3.992453,0.2455994,-0.1053691,1.852916
12.7,19.03607,-9.823564,3.989055,0.2957075,-0.169909,2.505405
12.72,19.11585,-9.821573,3.985049,0.3455154,-0.2002597,2.490395
12.74,19.19555,-9.818587,3.979208,0.4073099,-0.2920628,3.089726
12.76,19.27513,-9.814365,3.974126,0.4542308,-0.2541304,2.346043
12.78,19.35462,-9.809205,3.972141,0.4712743,-0.09925365,0.8521751
12.8,19.43406,-9.803703,3.971819,0.4739772,-0.01608133,0.1351476
12.82,19.5135,-9.798148,3.969689,0.491494,-0.1064777,0.8758366
12.84,19.59289,-9.792242,3.967484,0.5089941,-0.1102924,0.8750066
12.86,19.67224,-9.785986,3.966823,0.5141165,-0.03302097,0.2561212
12.88,19.75158,-9.779628,3.962542,0.5461323,-0.2140522,1.60079
12.9,19.83083,-9.772629,3.961815,0.5513802,-0.03633499,0.2623916
12.92,19.91006,-9.765525,3.961027,0.5570118,-0.03939867,0.2815843
12.94,19.98928,-9.758308,3.960465,0.5609925,-0.02809763,0.1990318
12.96,20.06849,-9.751013,3.961557,0.5532284,0.05459785,-0.3882021
12.98,20.14772,-9.743873,3.96255,0.5460755,0.04962683,-0.3576458
13,20.22697,-9.736876,3.963452,0.5394863,0.04512072,-0.3294587
13.02,20.30624,-9.73001,3.964273,0.5334182,0.04105568,-0.3034055
13.04,20.38553,-9.723266,3.965022,0.5278282,0.03740788,-0.2795041
13.06,20.46483,-9.716633,3.965703,0.5226805,0.03409386,-0.2573848
13.08,20.54414,-9.710103,3.966326,0.5179401,0.0311017,-0.2370179
13.1,20.62347,-9.703669,3.966893,0.5135764,0.02837181,-0.2181828
13.12,20.7028,-9.697321,3.967411,0.5095584,0.02589226,-0.2009004
13.14,20.78215,-9.691053,3.967885,0.5058583,0.02368689,-0.1850069
13.16,20.86151,-9.68486,3.968317,0.502452,0.02163649,-0.1703143
13.18,20.94088,-9.678735,3.970477,0.4850935,0.1079679,-0.8679271
13.2,21.02028,-9.672956,3.975755,0.4397375,0.2639413,-2.267799
13.22,21.0998,-9.668086,3.980409,0.3954022,0.2326846,-2.216765
13.24,21.17941,-9.664102,3.985726,0.3376208,0.2658486,-2.889069
13.26,21.25912,-9.661273,3.98798,0.3098571,0.1127124,-1.388188
13.28,21.33888,-9.658999,3.987851,0.3115142,-0.006449223,0.08285791
13.3,21.41864,-9.656693,3.987732,0.31304,-0.005960464,0.07628649
13.32,21.49839,-9.654357,3.987622,0.3144442,-0.005531311,0.07021427
13.34,21.57815,-9.651992,3.987519,0.315735,-0.005114079,0.06453991
13.36,21.6579,-9.649601,3.987425,0.3169239,-0.004708767,0.05944371
13.38,21.73764,-9.647186,3.987338,0.3180176,-0.004351139,0.05468279
13.4,21.81739,-9.64475,3.987258,0.3190236,-0.004017353,0.05030036
13.42,21.89713,-9.642293,3.987184,0.3199489,-0.003707409,0.04626811
13.44,21.97688,-9.639818,3.987115,0.3208016,-0.003421307,0.04263073
13.46,22.05662,-9.637326,3.987052,0.3215852,-0.003159046,0.03918111
13.48,22.13636,-9.634818,3.986994,0.3223054,-0.002908707,0.03601164
13.5,22.2161,-9.632296,3.98694,0.3229686,-0.002682209,0.03315955
13.52,22.29584,-9.62976,3.986891,0.3235786,-0.002467632,0.03050119
13.54,22.37558,-9.627213,3.986845,0.3241404,-0.002288818,0.02809018
13.56,22.45532,-9.624654,3.986803,0.3246572,-0.002110004,0.02583712
13.58,22.53505,-9.622085,3.986764,0.3251323,-0.00193119,0.02375543
13.6,22.61479,-9.619506,3.986728,0.3255693,-0.001788139,0.02184957
13.62,22.69452,-9.616919,3.986696,0.3259717,-0.001633167,0.02011955
13.64,22.77426,-9.614323,3.986665,0.3263405,-0.001513958,0.01844168
13.66,22.85399,-9.61172,3.986638,0.3266815,-0.001394749,0.0170514
13.68,22.93372,-9.609111,3.986612,0.3269946,-0.001275539,0.01565218
13.7,23.01346,-9.606495,3.986588,0.3272821,-0.001180172,0.01437813
13.72,23.09319,-9.603873,3.986567,0.3275471,-0.001096725,0.01324713
13.74,23.17292,-9.601246,3.986547,0.3277902,-0.0009894371,0.01215786
13.76,23.25265,-9.598614,3.986528,0.3280139,-0.0009298325,0.01118183
13.78,23.33238,-9.595978,3.986511,0.3282209,-0.000846386,0.01035184
13.8,23.41211,-9.593337,3.986495,0.3284102,-0.0007867813,0.009465218
13.82,23.49184,-9.590693,3.986481,0.3285842,-0.0007152557,0.008700788
13.84,23.57157,-9.588045,3.986468,0.3287453,-0.000667572,0.008055568
13.86,23.6513,-9.585394,3.986456,0.3288925,-0.0005960464,0.007356703
13.88,23.73103,-9.58274,3.986445,0.3290277,-0.0005602837,0.006763637
13.9,23.81076,-9.580083,3.986434,0.3291527,-0.0005125999,0.006248057
13.92,23.89049,-9.577424,3.986425,0.3292681,-0.0004768372,0.005768239
13.94,23.97021,-9.574762,3.986416,0.3293742,-0.0004410744,0.005306304
13.96,24.04994,-9.572099,3.986408,0.3294715,-0.0004053116,0.004863739
13.98,24.12967,-9.569433,3.986401,0.329561,-0.0003695488,0.004477799
14,24.2094,-9.566766,3.986394,0.329643,-0.000333786,0.004097819
14.02,24.28913,-9.564096,3.986387,0.3297179,-0.0003218651,0.003747642
14.04,24.36885,-9.561426,3.986382,0.3297881,-0.0002741814,0.003507733
14.06,24.44858,-9.558754,3.986377,0.3298509,-0.0002622604,0.003138185
14.08,24.52831,-9.556081,3.986372,0.3299103,-0.0002503395,0.002972782
14.1,24.60804,-9.553407,3.986367,0.329965,-0.0002264977,0.002732873
14.12,24.68776,-9.550732,3.986263,0.3312164,-0.005197525,0.06257296
14.14,24.76749,-9.548032,3.986262,0.3312348,-7.152557E-05,0.0009179115
14.16,24.84721,-9.545331,3.98626,0.3312505,-7.152557E-05,0.0007867813
14.18,24.92694,-9.54263,3.986259,0.3312661,-5.960464E-05,0.0007778406
14.2,25.00666,-9.539928,3.986258,0.3312791,-5.960464E-05,0.0006496906
14.22,25.08639,-9.537227,3.986257,0.3312919,-4.768372E-05,0.0006392598
14.24,25.16611,-9.534525,3.986256,0.3313033,-4.768372E-05,0.0005736947
14.26,25.24584,-9.531823,3.986255,0.3313146,-4.768372E-05,0.000564754
14.28,25.32557,-9.52912,3.986254,0.3313246,-3.576279E-05,0.000500679
14.3,25.40529,-9.526418,3.986254,0.3313335,-3.576279E-05,0.0004455447
14.32,25.48502,-9.523715,3.986253,0.3313419,-4.768372E-05,0.0004157424
14.34,25.56474,-9.521012,3.986252,0.3313502,-3.576279E-05,0.0004172325
14.36,25.64447,-9.51831,3.986252,0.3313572,-1.192093E-05,0.0003516674
14.38,25.72419,-9.515607,3.986251,0.3313643,-3.576279E-05,0.0003516674
14.4,25.80392,-9.512903,3.986251,0.3313698,-2.384186E-05,0.0002786517
14.42,25.88364,-9.5102,3.98625,0.3313754,-2.384186E-05,0.0002771616
14.44,25.96337,-9.507496,3.98625,0.3313808,-2.384186E-05,0.000269711
14.46,26.04309,-9.504792,3.986249,0.3313852,-1.192093E-05,0.0002220273
14.48,26.12282,-9.502089,3.986249,0.3313891,-2.384186E-05,0.0001937151
14.5,26.20254,-9.499385,3.986249,0.331393,-1.192093E-05,0.0001952052
14.52,26.28227,-9.496681,3.986248,0.3313971,-2.384186E-05,0.0002041459
14.54,26.36199,-9.493978,3.986248,0.3314006,-1.192093E-05,0.0001758337
14.56,26.44172,-9.491274,3.986248,0.3314045,-1.192093E-05,0.0001952052
14.58,26.52144,-9.48857,3.986248,0.331408,-1.192093E-05,0.0001758337
14.6,26.60117,-9.485866,3.986247,0.3314104,-1.192093E-05,0.0001192093
14.62,26.68089,-9.483161,3.986247,0.331413,-1.192093E-05,0.0001311302
14.64,26.76062,-9.480456,3.986247,0.3314139,-1.192093E-05,4.470348E-05
14.66,26.84035,-9.477752,3.986247,0.3314152,0,6.556511E-05
14.68,26.92007,-9.475047,3.986247,0.3314162,0,4.61936E-05
14.7,26.9998,-9.472342,3.986247,0.3314171,-1.192093E-05,4.61936E-05
14.72,27.07952,-9.469638,3.986247,0.331418,0,4.61936E-05
14.74,27.15925,-9.466933,3.986247,0.3314189,0,4.61936E-05
14.76,27.23897,-9.464229,3.986247,0.3314199,0,4.61936E-05
14.78,27.3187,-9.461524,3.986145,0.3326318,-0.005054474,0.06059706
14.8,27.39842,-9.458796,3.984795,0.3484419,-0.06754398,0.7905051
14.82,27.47812,-9.45575,3.983527,0.3626441,-0.06335974,0.7101089
14.84,27.55779,-9.452421,3.980835,0.3910919,-0.1346111,1.422389
14.86,27.6374,-9.448524,3.982495,0.3738057,0.08300543,-0.8643061
14.88,27.71705,-9.444971,3.987228,0.3193885,0.2366543,-2.720863
14.9,27.7968,-9.442508,3.98719,0.3198712,-0.00193119,0.02413541
14.92,27.87654,-9.440034,3.987154,0.3203135,-0.001764297,0.02211332
14.94,27.95628,-9.437551,3.987122,0.3207203,-0.001645088,0.02034456
14.96,28.03603,-9.435061,3.987091,0.3210955,-0.001513958,0.01875758
14.98,28.11577,-9.432564,3.987064,0.3214395,-0.001382828,0.01719892
15,28.19551,-9.430059,3.987038,0.3217564,-0.001275539,0.01584589
15.02,28.27525,-9.427548,3.987015,0.3220467,-0.001168251,0.01451522
15.04,28.35499,-9.425032,3.986993,0.3223145,-0.001084805,0.01339018
15.06,28.43473,-9.422509,3.986973,0.3225602,-0.001001358,0.01228303
15.08,28.51447,-9.419982,3.986955,0.3227868,-0.0009179115,0.01133084
15.1,28.59421,-9.41745,3.986938,0.3229935,-0.0008225441,0.01033843
15.12,28.67395,-9.414914,3.986923,0.323185,-0.0007867813,0.009571016
15.14,28.75368,-9.412374,3.986908,0.3233607,-0.0007152557,0.008788705
15.16,28.83342,-9.409831,3.986895,0.3235225,-0.0006437302,0.00808835
15.18,28.91316,-9.407285,3.986484,0.3285481,-0.02055168,0.2512813
15.2,28.99289,-9.404637,3.97929,0.4065143,-0.3597379,3.898309
15.22,29.07248,-9.400431,3.974001,0.4553193,-0.2644181,2.440251
15.24,29.15196,-9.395248,3.948044,0.6426114,-1.297867,9.364605
15.26,29.23092,-9.38632,3.918788,0.8019338,-1.46277,7.966116
15.28,29.30929,-9.374206,3.803644,1.237857,-5.757201,21.79615
15.3,29.38536,-9.353373,3.531809,1.877852,-13.59179,31.99975
15.32,29.456,-9.319739,3.20743,2.390062,-16.21895,25.61049
15.34,29.52015,-9.275862,2.614216,3.027519,-29.66068,31.87289
15.36,29.57671,-9.24532,2.099473,3.404734,-25.73713,18.86072
15.38,29.63172,-9.231875,1.794717,3.574771,-15.23784,8.501876
15.4,29.6805,-9.219615,1.699641,3.620942,-4.753763,2.308524
15.42,29.72509,-9.203836,1.633353,3.651323,-3.314418,1.519048
15.44,29.76274,-9.141307,1.701786,3.619934,3.42167,-1.56945
15.46,29.79678,-9.072832,1.774613,3.584794,3.641349,-1.757002
15.48,29.83227,-9.00506,1.839714,3.551824,3.25501,-1.648486
15.5,29.86906,-8.937947,1.916291,3.511101,3.828853,-2.036142
15.52,29.90739,-8.871649,1.976989,3.477286,3.034902,-1.690769
15.54,29.94693,-8.806027,2.041613,3.439741,3.231221,-1.877248
15.56,29.98776,-8.741157,2.100816,3.403906,2.960134,-1.791763
15.58,30.02978,-8.677003,2.154962,3.369887,2.707326,-1.70095
15.6,30.07288,-8.613529,2.204421,3.337744,2.472913,-1.607156
15.62,30.11697,-8.550698,2.24954,3.307502,2.255988,-1.512086
15.64,30.16196,-8.488472,2.274639,3.290292,1.254916,-0.8605003
15.66,30.20745,-8.42659,2.280613,3.286153,0.2987266,-0.2069235
15.68,30.25306,-8.364791,2.284288,3.2836,0.1837611,-0.1276851
15.7,30.29875,-8.303043,2.240496,3.313635,-2.189624,1.501763
15.72,30.34356,-8.240695,2.176998,3.355694,-3.174889,2.102935
15.74,30.3871,-8.177505,2.147702,3.374519,-1.46482,0.9412646
15.76,30.43005,-8.113939,2.040698,3.440284,-5.350173,3.288233
15.78,30.47086,-8.049058,1.885814,3.527564,-7.744211,4.364002
15.8,30.50858,-7.98243,1.748499,3.597604,-6.86577,3.502011
15.82,30.54355,-7.914402,1.514223,3.702314,-11.7138,5.235517
15.84,30.57383,-7.84428,1.25637,3.79757,-12.89262,4.762769
15.86,30.59896,-7.772253,1.036794,3.863297,-10.97883,3.28635
15.88,30.6197,-7.698911,0.7337633,3.932123,-15.15151,3.441334
15.9,30.63437,-7.624193,0.4866928,3.970281,-12.35353,1.907885
15.92,30.64411,-7.548711,0.4305466,3.976761,-2.807312,0.3240228
15.94,30.65272,-7.4731,0.2448644,3.992498,-9.284106,0.786829
15.96,30.65762,-7.397174,0.03919646,3.999808,-10.2834,0.3655076
15.98,30.6584,-7.321102,-0.04412303,3.999757,-4.165975,-0.002574921
16,30.65752,-7.245031,-0.2650344,3.99121,-11.04557,-0.4273295
16.02,30.65222,-7.169131,-0.3383399,3.985665,-3.665274,-0.277245
16.04,30.64545,-7.093341,-0.4350559,3.97627,-4.835798,-0.4697323
16.06,30.63675,-7.01774,-0.4323848,3.976562,0.1335531,0.01456738
16.08,30.6281,-6.942132,-0.4810974,3.970963,-2.435629,-0.2799511
16.1,30.61848,-6.866637,-0.4620028,3.973229,0.9547263,0.1133323
16.12,30.60924,-6.791097,-0.41809,3.97809,2.195644,0.243032
16.14,30.60088,-6.715459,-0.4063568,3.979306,0.5866587,0.06078482
16.16,30.59275,-6.639797,-0.3745946,3.982421,1.588111,0.1557827
16.18,30.58526,-6.564072,-0.3930092,3.980646,-0.9207323,-0.08876324
16.2,30.5774,-6.488383,-0.3896591,3.980975,0.167504,0.0164628
16.22,30.5696,-6.412688,-0.3657817,3.98324,1.193872,0.1132488
16.24,30.56229,-6.336947,-0.3742197,3.982456,-0.421901,-0.03919601
16.26,30.5548,-6.261222,-0.332072,3.986192,2.107385,0.186789
16.28,30.54816,-6.185422,-0.07971117,3.999206,12.61804,0.6506681
16.3,30.54657,-6.109362,0.05490198,3.999623,6.730658,0.02088547
16.32,30.54767,-6.033293,0.0749627,3.999298,1.003036,-0.01628399
16.34,30.54917,-5.957232,0.09314813,3.998915,0.9092718,-0.01912117
16.36,30.55103,-5.881177,0.1096346,3.998497,0.8243229,-0.02089739
16.38,30.55322,-5.805131,0.1245541,3.99806,0.7459749,-0.02183914
16.4,30.55571,-5.729094,0.1380643,3.997617,0.6755095,-0.02218485
16.42,30.55848,-5.653066,0.1502892,3.997176,0.6112456,-0.02205372
16.44,30.56148,-5.577046,0.1613395,3.996745,0.5525135,-0.02154112
16.46,30.56471,-5.501036,0.1713245,3.996329,0.4992507,-0.02077818
16.48,30.56813,-5.425033,0.1803433,3.995933,0.4509427,-0.01983643
16.5,30.57174,-5.349039,0.02158859,3.999942,-7.937737,0.2004623
16.52,30.57217,-5.272964,-0.1567123,3.996929,-8.915044,-0.1506448
16.54,30.56904,-5.196949,-0.6464633,3.947415,-24.48755,-2.475703
16.56,30.55611,-5.121925,-0.8929055,3.899067,-12.32211,-2.417409
16.58,30.53825,-5.047868,-0.9736586,3.879689,-4.037654,-0.9688735
16.6,30.51878,-4.974198,-1.052397,3.859075,-3.93692,-1.030707
16.62,30.49773,-4.90094,-1.055799,3.858146,-0.1700819,-0.04646778
16.64,30.47661,-4.827702,-1.01216,3.869823,2.181941,0.5838752
16.66,30.45637,-4.754229,-0.9724892,3.879982,1.983532,0.5079627
16.68,30.43692,-4.680553,-0.9364784,3.888831,1.800537,0.4424453
16.7,30.41819,-4.606701,-0.9038054,3.896554,1.633653,0.3861427
16.72,30.40011,-4.532694,-0.8741993,3.903303,1.480302,0.3374457
16.74,30.38263,-4.458552,-0.8473859,3.909212,1.340672,0.2954245
16.76,30.36568,-4.384292,-0.8231126,3.914395,1.213664,0.2591491
16.78,30.34922,-4.309928,-0.801159,3.918947,1.097679,0.2276182
16.8,30.3332,-4.235473,-0.7813143,3.922951,0.9922385,0.2002239
16.82,30.31757,-4.160938,-0.7633746,3.926482,0.8969843,0.1765251
16.84,30.3023,-4.086333,-0.7471722,3.929597,0.8101165,0.1557589
16.86,30.28736,-4.011665,-0.7325442,3.93235,0.7313997,0.1376629
16.88,30.27271,-3.936942,-0.6929359,3.939523,1.980415,0.3586173
16.9,30.25885,-3.862075,-0.6511788,3.94664,2.087855,0.3558517
16.92,30.24582,-3.787066,-0.6121531,3.952881,1.951286,0.3120542
16.94,30.23358,-3.711933,-0.6059182,3.953842,0.3117472,0.04804134
16.96,30.22146,-3.63678,-0.5471826,3.962397,2.936778,0.4277706
16.98,30.21052,-3.561456,-0.4371719,3.976038,5.500535,0.682056
17,30.20177,-3.485859,-0.385227,3.981407,2.597247,0.2684355
17.02,30.19407,-3.410155,-0.03419198,3.999854,17.55175,0.9223461
17.04,30.19339,-3.334082,0.3847602,3.981452,20.94761,-0.920105
17.06,30.20108,-3.258377,0.6220928,3.951329,11.86663,-1.506138
17.08,30.21352,-3.183275,1.305405,3.780994,34.1656,-8.516729
17.1,30.23963,-3.111579,1.926127,3.505715,31.0361,-13.76399
17.12,30.27815,-3.045388,2.00982,3.458414,4.184658,-2.365053
17.14,30.31835,-2.980144,2.33095,3.250642,16.0565,-10.38859
17.16,30.36497,-2.919055,2.468152,3.147734,6.860089,-5.145407
17.18,30.41433,-2.860025,2.555285,3.077421,4.356658,-3.515625
17.2,30.46544,-2.8024,2.638173,3.006667,4.144394,-3.537726
17.22,30.5182,-2.746191,2.691688,2.958853,2.675784,-2.390671
17.24,30.57203,-2.690938,2.720016,2.932834,1.416373,-1.300979
17.26,30.62643,-2.636205,2.737848,2.916194,0.891602,-0.8319616
17.28,30.68119,-2.581805,2.734158,2.919655,-0.1845002,0.1730084
17.3,30.73587,-2.527336,2.732782,2.920942,-0.06879568,0.06438494
17.32,30.79053,-2.472842,2.685268,2.964681,-2.375674,2.186918
17.34,30.84423,-2.417472,2.641059,3.004131,-2.21045,1.972532
17.36,30.89705,-2.361313,2.600035,3.039707,-2.05121,1.778781
17.38,30.94905,-2.304443,2.562073,3.071772,-1.898098,1.603234
17.4,31.0003,-2.246932,2.52702,3.100672,-1.752639,1.445019
17.42,31.05084,-2.188842,2.494729,3.126712,-1.614571,1.301992
17.44,31.10073,-2.130232,2.465027,3.150182,-1.485109,1.173484
17.46,31.15003,-2.071152,2.437757,3.171331,-1.363504,1.057482
17.48,31.19879,-2.01165,2.41276,3.190391,-1.24985,0.952971
17.5,31.22329,-2.032822,2.344842,3.240635,-3.395903,2.512228
17.52,31.24601,-2.043918,2.295017,3.27611,-2.491248,1.773763
17.54,31.26744,-2.048203,2.257417,3.302131,-1.880002,1.301026
17.56,31.28791,-2.049742,0,0,-112.8708,-165.1066
17.58,31.28791,-2.049742,0,0,0,0
17.6,31.28791,-2.049742,0,0,0,0
17.62,31.28791,-2.049742,0,0,0,0
17.64,31.28791,-2.049742,0,0,0,0
17.66,31.28791,-2.049742,0,0,0,0
17.68,31.28791,-2.049742,0,0,0,0
17.7,31.28791,-2.049742,0,0,0,0
17.72,31.28791,-2.049742,0,0,0,0
17.74,31.28791,-2.049742,0,0,0,0
17.76,31.28791,-2.049742,0,0,0,0
17.78,31.28791,-2.049742,0,0,0,0
17.8,31.28791,-2.049742,0,0,0,0
17.82,31.28791,-2.049742,0,0,0,0
17.84,31.28791,-2.049742,0,0,0,0
17.86,31.28791,-2.049742,0,0,0,0
17.88,31.28791,-2.049742,0,0,0,0
17.9,31.28791,-2.049742,0,0,0,0
17.92,31.28791,-2.049742,0,0,0,0
17.94,31.28791,-2.049742,0,0,0,0
17.96,31.28791,-2.049742,0,0,0,0
17.98,31.28791,-2.049742,0,0,0,0
18,31.28791,-2.049742,0,0,0,0
18.02,31.28791,-2.049742,0,0,0,0
18.04,31.28791,-2.049742,0,0,0,0
18.06,31.28791,-2.049742,0,0,0,0
18.08,31.28791,-2.049742,0,0,0,0
18.1,31.28791,-2.049742,0,0,0,0
18.12,31.28791,-2.049742,0,0,0,0
18.14,31.28791,-2.049742,0,0,0,0
18.16,31.28791,-2.049742,0,0,0,0
18.18,31.28791,-2.049742,0,0,0,0
18.2,31.28791,-2.049742,0,0,0,0
18.22,31.28791,-2.049742,0,0,0,0
18.24,31.28791,-2.049742,0,0,0,0
18.26,31.28791,-2.049742,0,0,0,0
18.28,31.28791,-2.049742,0,0,0,0
18.3,31.28791,-2.049742,0,0,0,0
18.32,31.28791,-2.049742,0,0,0,0
18.34,31.28791,-2.049742,0,0,0,0
18.36,31.28791,-2.049742,0,0,0,0
18.38,31.28791,-2.049742,0,0,0,0
18.4,31.28791,-2.049742,0,0,0,0
18.42,31.28791,-2.049742,0,0,0,0
18.44,31.28791,-2.049742,0,0,0,0
18.46,31.28791,-2.049742,0,0,0,0
18.48,31.28791,-2.049742,0,0,0,0
18.5,31.28791,-2.049742,0,0,0,0
18.52,31.28791,-2.049742,0,0,0,0
18.54,31.28791,-2.049742,0,0,0,0
18.56,31.28791,-2.049742,0,0,0,0
18.58,31.28791,-2.049742,0,0,0,0
18.6,31.28791,-2.049742,0,0,0,0
18.62,31.28791,-2.049742,0,0,0,0
18.64,31.28791,-2.049742,0,0,0,0
18.66,31.28791,-2.049742,0,0,0,0
18.68,31.28791,-2.049742,0,0,0,0
18.7,31.28791,-2.049742,0,0,0,0
18.72,31.28791,-2.049742,0,0,0,0
18.74,31.28791,-2.049742,0,0,0,0
18.76,31.28791,-2.049742,0,0,0,0
18.78,31.28791,-2.049742,0,0,0,0
18.8,31.28791,-2.049742,0,0,0,0
18.82,31.28791,-2.049742,0,0,0,0
18.84,31.28791,-2.049742,0,0,0,0
18.86,31.28791,-2.049742,0,0,0,0
18.88,31.28791,-2.049742,0,0,0,0
18.9,31.28791,-2.049742,0,0,0,0
18.92,31.28791,-2.049742,0,0,0,0
18.94,31.28791,-2.049742,0,0,0,0
18.96,31.28791,-2.049742,0,0,0,0
18.98,31.28791,-2.049742,0,0,0,0
19,31.28791,-2.049742,0,0,0,0
19.02,31.28791,-2.049742,0,0,0,0
19.04,31.28791,-2.049742,0,0,0,0
19.06,31.28791,-2.049742,0,0,0,0
19.08,31.28791,-2.049742,0,0,0,0
